﻿<?xml version="1.0" encoding="utf-8" ?>
<pixie>
  <comment>
    Here's the overall schema:
    <pixie>
      <settings />
      <detail />
    </pixie>
    <settings>
      <user name="..." domain="..."/>
      <job type="..." status="..."/>
      <dates />
      <paths />
    </settings>
    <dates>
      <date name="..." value="..." />
    </dates>
    <path>
      <path name="..." value="..." />
    </path>
    <detail>
      <folder name="..." copied="..." size="...">
        <folder />
        <file />
      </folder>
      <file name="..." copied="..." size="..." />
    </detail>
  </comment>
  <settings>
    <user name="David" domain="My Laptop">
      <comment>User name is from environment variable USERNAME</comment>
      <comment>User domain is from environment variable USERDOMAIN</comment>
    </user>
    <job type="1" status="0">
      <comment>
        <![CDATA[
          Job types are: 
            0=Undefinded 
            1=ComputerToRemovable
            2=RemovableToComputer
            3=Backup
            4=Restore
        ]]>
      </comment>
      <comment>
        <![CDATA[
          Job statuses are: 
            0=Pending
            1=Scanning
            2=Scanned
            3=Copying
            4=Copied
            5=Complete
        ]]>
      </comment>
    </job>
    <date name="created" value="2016/11/06" />
    <date name="completed" value="2016/11/06" />
    <path name="source" value="c:\users\david\pictures\hotchicks" />
    <path name="target" value="G:\pixie\my laptop\david" />
  </settings>
  <folder name="hotchicks" status="0" size="0">
    <folder name="debbie" status="0" size="0">
      <file name="debbie.contact" status="0" size="0" />
      <file name="debbie.doc" status="0" size="0" />
      <file name="debbie.png" status="0" size="0" />
      <file name="debbie.ico" status="0" size="0" />
      <file name="debbie.nude.png" status="0" size="0" />
      <file name="debbie.bikini.png" status="0" size="0" />
    </folder>
    <file name="hotchicks.html" status="0" size="0" />
    <file name="hotchicks.css" status="0" size="0" />
  </folder>
</pixie>
